driver_get_all,2023-05-23T19:21:08.177499700
customer_get_all,2023-05-23T19:21:38.958157700
product_get_all,2023-05-23T19:21:55.152798300
customer_get_all,2023-05-23T19:41:03.760738700
customer_get_all,2023-05-23T20:01:13.281250300
customer_get_all,2023-05-23T20:02:13.033803
customer_get_all,2023-05-23T20:02:46.939222200
customer_get_all,2023-05-23T20:03:11.122381400
order_get_all,2023-05-23T20:04:12.456402300
customer_get_by_id,2023-05-23T20:04:12.481412600
restaurant_get_by_id,2023-05-23T20:04:12.484413200
customer_get_by_id,2023-05-23T20:04:12.491402700
restaurant_get_by_id,2023-05-23T20:04:12.492402400
order_get_by_id,2023-05-23T20:04:25.659393900
customer_get_by_id,2023-05-23T20:04:25.660423400
restaurant_get_by_id,2023-05-23T20:04:25.661413600
driver_get_by_id,2023-05-23T20:04:25.667421900
product_get_by_id,2023-05-23T20:04:25.670402900
customer_get_all,2023-05-23T20:05:03.989278300
customer_create,2023-05-23T20:05:16.705696500
customer_get_all,2023-05-23T20:05:18.845062
customer_get_by_id,2023-05-23T20:05:21.211850500
customer_delete,2023-05-23T20:05:42.713364800
customer_get_all,2023-05-23T20:07:45.668771600
customer_delete,2023-05-23T20:07:49.779495900
customer_delete,2023-05-23T20:07:53.437214
customer_get_all,2023-05-23T20:07:55.164747400
customer_get_all,2023-05-23T20:08:54.317508
driver_get_all,2023-05-23T20:08:57.919731300
restaurant_get_all,2023-05-23T20:09:02.064492200
product_get_all,2023-05-23T20:09:07.694299800
customer_get_all,2023-05-23T20:19:26.116944300
customer_create,2023-05-23T20:20:02.010010100
customer_get_all,2023-05-23T20:20:05.851801700
customer_get_by_id,2023-05-23T20:20:08.271407400
customer_get_by_id,2023-05-23T20:20:14.123598300
customer_update,2023-05-23T20:20:26.076961500
customer_get_by_id,2023-05-23T20:20:30.125176700
customer_delete,2023-05-23T20:20:38.276260900
customer_get_all,2023-05-23T20:20:40.458023100
customer_delete,2023-05-23T20:20:46.218814800
customer_get_all,2023-05-23T20:20:47.960091900
driver_get_all,2023-05-23T20:20:58.284460
driver_create,2023-05-23T20:21:20.900444800
driver_get_all,2023-05-23T20:21:23.314080100
driver_get_by_id,2023-05-23T20:21:27.998319300
driver_get_by_id,2023-05-23T20:21:35.142313200
driver_get_by_id,2023-05-23T20:21:38.162081
driver_update,2023-05-23T20:21:52.852283400
driver_get_by_id,2023-05-23T20:21:58.204549300
driver_create,2023-05-23T20:22:17.577508800
driver_get_all,2023-05-23T20:22:19.526191500
driver_delete,2023-05-23T20:22:23.259574800
driver_get_all,2023-05-23T20:22:26.710702400
restaurant_get_all,2023-05-23T20:22:34.637179800
restaurant_create,2023-05-23T20:23:20.431691800
restaurant_get_all,2023-05-23T20:23:24.256139600
restaurant_get_by_id,2023-05-23T20:23:26.225639600
restaurant_get_by_id,2023-05-23T20:23:32.736152600
restaurant_update,2023-05-23T20:23:36.000357600
restaurant_get_by_id,2023-05-23T20:23:39.602206800
restaurant_update,2023-05-23T20:23:47.582359400
restaurant_get_by_id,2023-05-23T20:23:51.829804200
restaurant_create,2023-05-23T20:24:05.570151100
restaurant_get_all,2023-05-23T20:24:08.070795800
restaurant_delete,2023-05-23T20:24:12.008297
restaurant_get_all,2023-05-23T20:24:12.822493
product_get_all,2023-05-23T20:24:20.002508
product_get_all_by_restaurant_id,2023-05-23T20:24:25.722640400
product_create,2023-05-23T20:24:53.971537100
product_get_all,2023-05-23T20:24:58.232861100
product_get_all_by_restaurant_id,2023-05-23T20:25:02.229785400
product_get_by_id,2023-05-23T20:25:10.701982600
product_create,2023-05-23T20:25:32.779179700
product_create,2023-05-23T20:25:49.590225
product_create,2023-05-23T20:26:02.055786100
product_get_all_by_restaurant_id,2023-05-23T20:26:04.680703400
product_get_by_id,2023-05-23T20:26:09.737929200
product_update,2023-05-23T20:26:16.342006100
product_get_by_id,2023-05-23T20:26:19.920554100
product_create,2023-05-23T20:26:37.760767900
product_create,2023-05-23T20:26:54.515955300
product_create,2023-05-23T20:27:06.053950900
product_get_all,2023-05-23T20:27:08.771412800
product_get_by_id,2023-05-23T20:27:12.978301900
product_delete,2023-05-23T20:27:17.048285100
product_delete,2023-05-23T20:27:19.420633100
product_get_all,2023-05-23T20:27:21.814003200
product_get_all_by_restaurant_id,2023-05-23T20:27:26.880274400
order_get_all,2023-05-23T20:27:34.071913300
customer_get_by_id,2023-05-23T20:27:34.077923900
restaurant_get_by_id,2023-05-23T20:27:34.078934
customer_get_by_id,2023-05-23T20:27:34.081934
restaurant_get_by_id,2023-05-23T20:27:34.082933800
order_get_by_id,2023-05-23T20:27:37.523850800
customer_get_by_id,2023-05-23T20:27:37.524866500
restaurant_get_by_id,2023-05-23T20:27:37.525874100
driver_get_by_id,2023-05-23T20:27:37.525874100
product_get_by_id,2023-05-23T20:27:37.526861400
order_get_all,2023-05-23T20:28:33.022751200
customer_get_by_id,2023-05-23T20:28:33.046768200
restaurant_get_by_id,2023-05-23T20:28:33.048768100
customer_get_by_id,2023-05-23T20:28:33.056778
restaurant_get_by_id,2023-05-23T20:28:33.056778
order_get_by_id,2023-05-23T20:28:36.154406100
customer_get_by_id,2023-05-23T20:28:36.155396200
restaurant_get_by_id,2023-05-23T20:28:36.156398200
driver_get_by_id,2023-05-23T20:28:36.157409700
product_get_by_id,2023-05-23T20:28:36.160411900
order_get_by_id,2023-05-23T20:28:38.772688800
customer_get_by_id,2023-05-23T20:28:38.774527600
restaurant_get_by_id,2023-05-23T20:28:38.775527200
driver_get_by_id,2023-05-23T20:28:38.776547
product_get_by_id,2023-05-23T20:28:38.776547
product_get_by_id,2023-05-23T20:28:38.777547600
order_create,2023-05-23T20:31:04.966328
order_get_all,2023-05-23T20:31:21.558662900
customer_get_by_id,2023-05-23T20:31:21.562672300
restaurant_get_by_id,2023-05-23T20:31:21.563696700
customer_get_by_id,2023-05-23T20:31:21.566659100
restaurant_get_by_id,2023-05-23T20:31:21.567661100
customer_get_by_id,2023-05-23T20:31:21.568680
restaurant_get_by_id,2023-05-23T20:31:21.568680
order_get_by_id,2023-05-23T20:31:25.206628900
customer_get_by_id,2023-05-23T20:31:25.208624
restaurant_get_by_id,2023-05-23T20:31:25.208624
driver_get_by_id,2023-05-23T20:31:25.209648100
product_get_by_id,2023-05-23T20:31:25.210639100
product_get_by_id,2023-05-23T20:31:25.211643500
product_get_by_id,2023-05-23T20:31:25.211643500
product_get_by_id,2023-05-23T20:31:25.212644
order_get_by_id,2023-05-23T20:35:37.375305100
customer_get_by_id,2023-05-23T20:35:37.398301600
restaurant_get_by_id,2023-05-23T20:35:37.399307600
driver_get_by_id,2023-05-23T20:35:37.402301
product_get_by_id,2023-05-23T20:35:37.408299400
product_get_by_id,2023-05-23T20:35:37.411067200
product_get_by_id,2023-05-23T20:35:37.412071
product_get_by_id,2023-05-23T20:35:37.412071
product_get_by_id,2023-05-23T20:35:37.413067300
product_get_by_id,2023-05-23T20:35:37.414072300
product_get_by_id,2023-05-23T20:35:37.415066200
product_get_by_id,2023-05-23T20:35:37.415066200
